--
-- PostgreSQL database dump
--

-- Dumped from database version 16.4
-- Dumped by pg_dump version 16.4

-- Started on 2024-11-12 20:48:13

SET statement_timeout = 0;
SET lock_timeout = 0;
SET idle_in_transaction_session_timeout = 0;
SET client_encoding = 'UTF8';
SET standard_conforming_strings = on;
SELECT pg_catalog.set_config('search_path', '', false);
SET check_function_bodies = false;
SET xmloption = content;
SET client_min_messages = warning;
SET row_security = off;

SET default_tablespace = '';

SET default_table_access_method = heap;

--
-- TOC entry 234 (class 1259 OID 24707)
-- Name: appEmpresaDjango_departamento; Type: TABLE; Schema: public; Owner: postgres
--

CREATE TABLE public."appEmpresaDjango_departamento" (
    id integer NOT NULL,
    nombre character varying(50) NOT NULL,
    telefono integer NOT NULL
);


ALTER TABLE public."appEmpresaDjango_departamento" OWNER TO postgres;

--
-- TOC entry 233 (class 1259 OID 24706)
-- Name: appEmpresaDjango_departamento_id_seq; Type: SEQUENCE; Schema: public; Owner: postgres
--

ALTER TABLE public."appEmpresaDjango_departamento" ALTER COLUMN id ADD GENERATED BY DEFAULT AS IDENTITY (
    SEQUENCE NAME public."appEmpresaDjango_departamento_id_seq"
    START WITH 1
    INCREMENT BY 1
    NO MINVALUE
    NO MAXVALUE
    CACHE 1
);


--
-- TOC entry 238 (class 1259 OID 24719)
-- Name: appEmpresaDjango_empleado; Type: TABLE; Schema: public; Owner: postgres
--

CREATE TABLE public."appEmpresaDjango_empleado" (
    id integer NOT NULL,
    nombre character varying(40) NOT NULL,
    fecha_nacimiento date NOT NULL,
    antiguedad integer NOT NULL,
    departamento_id integer NOT NULL,
    foto character varying(100)
);


ALTER TABLE public."appEmpresaDjango_empleado" OWNER TO postgres;

--
-- TOC entry 240 (class 1259 OID 24725)
-- Name: appEmpresaDjango_empleado_habilidades; Type: TABLE; Schema: public; Owner: postgres
--

CREATE TABLE public."appEmpresaDjango_empleado_habilidades" (
    id integer NOT NULL,
    empleado_id integer NOT NULL,
    habilidad_id integer NOT NULL
);


ALTER TABLE public."appEmpresaDjango_empleado_habilidades" OWNER TO postgres;

--
-- TOC entry 239 (class 1259 OID 24724)
-- Name: appEmpresaDjango_empleado_habilidades_id_seq; Type: SEQUENCE; Schema: public; Owner: postgres
--

ALTER TABLE public."appEmpresaDjango_empleado_habilidades" ALTER COLUMN id ADD GENERATED BY DEFAULT AS IDENTITY (
    SEQUENCE NAME public."appEmpresaDjango_empleado_habilidades_id_seq"
    START WITH 1
    INCREMENT BY 1
    NO MINVALUE
    NO MAXVALUE
    CACHE 1
);


--
-- TOC entry 237 (class 1259 OID 24718)
-- Name: appEmpresaDjango_empleado_id_seq; Type: SEQUENCE; Schema: public; Owner: postgres
--

ALTER TABLE public."appEmpresaDjango_empleado" ALTER COLUMN id ADD GENERATED BY DEFAULT AS IDENTITY (
    SEQUENCE NAME public."appEmpresaDjango_empleado_id_seq"
    START WITH 1
    INCREMENT BY 1
    NO MINVALUE
    NO MAXVALUE
    CACHE 1
);


--
-- TOC entry 236 (class 1259 OID 24713)
-- Name: appEmpresaDjango_habilidad; Type: TABLE; Schema: public; Owner: postgres
--

CREATE TABLE public."appEmpresaDjango_habilidad" (
    id integer NOT NULL,
    nombre character varying(50) NOT NULL
);


ALTER TABLE public."appEmpresaDjango_habilidad" OWNER TO postgres;

--
-- TOC entry 235 (class 1259 OID 24712)
-- Name: appEmpresaDjango_habilidad_id_seq; Type: SEQUENCE; Schema: public; Owner: postgres
--

ALTER TABLE public."appEmpresaDjango_habilidad" ALTER COLUMN id ADD GENERATED BY DEFAULT AS IDENTITY (
    SEQUENCE NAME public."appEmpresaDjango_habilidad_id_seq"
    START WITH 1
    INCREMENT BY 1
    NO MINVALUE
    NO MAXVALUE
    CACHE 1
);


--
-- TOC entry 222 (class 1259 OID 24600)
-- Name: auth_group; Type: TABLE; Schema: public; Owner: postgres
--

CREATE TABLE public.auth_group (
    id integer NOT NULL,
    name character varying(150) NOT NULL
);


ALTER TABLE public.auth_group OWNER TO postgres;

--
-- TOC entry 221 (class 1259 OID 24599)
-- Name: auth_group_id_seq; Type: SEQUENCE; Schema: public; Owner: postgres
--

ALTER TABLE public.auth_group ALTER COLUMN id ADD GENERATED BY DEFAULT AS IDENTITY (
    SEQUENCE NAME public.auth_group_id_seq
    START WITH 1
    INCREMENT BY 1
    NO MINVALUE
    NO MAXVALUE
    CACHE 1
);


--
-- TOC entry 224 (class 1259 OID 24608)
-- Name: auth_group_permissions; Type: TABLE; Schema: public; Owner: postgres
--

CREATE TABLE public.auth_group_permissions (
    id integer NOT NULL,
    group_id integer NOT NULL,
    permission_id integer NOT NULL
);


ALTER TABLE public.auth_group_permissions OWNER TO postgres;

--
-- TOC entry 223 (class 1259 OID 24607)
-- Name: auth_group_permissions_id_seq; Type: SEQUENCE; Schema: public; Owner: postgres
--

ALTER TABLE public.auth_group_permissions ALTER COLUMN id ADD GENERATED BY DEFAULT AS IDENTITY (
    SEQUENCE NAME public.auth_group_permissions_id_seq
    START WITH 1
    INCREMENT BY 1
    NO MINVALUE
    NO MAXVALUE
    CACHE 1
);


--
-- TOC entry 220 (class 1259 OID 24594)
-- Name: auth_permission; Type: TABLE; Schema: public; Owner: postgres
--

CREATE TABLE public.auth_permission (
    id integer NOT NULL,
    name character varying(255) NOT NULL,
    content_type_id integer NOT NULL,
    codename character varying(100) NOT NULL
);


ALTER TABLE public.auth_permission OWNER TO postgres;

--
-- TOC entry 219 (class 1259 OID 24593)
-- Name: auth_permission_id_seq; Type: SEQUENCE; Schema: public; Owner: postgres
--

ALTER TABLE public.auth_permission ALTER COLUMN id ADD GENERATED BY DEFAULT AS IDENTITY (
    SEQUENCE NAME public.auth_permission_id_seq
    START WITH 1
    INCREMENT BY 1
    NO MINVALUE
    NO MAXVALUE
    CACHE 1
);


--
-- TOC entry 226 (class 1259 OID 24614)
-- Name: auth_user; Type: TABLE; Schema: public; Owner: postgres
--

CREATE TABLE public.auth_user (
    id integer NOT NULL,
    password character varying(128) NOT NULL,
    last_login timestamp with time zone,
    is_superuser boolean NOT NULL,
    username character varying(150) NOT NULL,
    first_name character varying(150) NOT NULL,
    last_name character varying(150) NOT NULL,
    email character varying(254) NOT NULL,
    is_staff boolean NOT NULL,
    is_active boolean NOT NULL,
    date_joined timestamp with time zone NOT NULL
);


ALTER TABLE public.auth_user OWNER TO postgres;

--
-- TOC entry 228 (class 1259 OID 24622)
-- Name: auth_user_groups; Type: TABLE; Schema: public; Owner: postgres
--

CREATE TABLE public.auth_user_groups (
    id integer NOT NULL,
    user_id integer NOT NULL,
    group_id integer NOT NULL
);


ALTER TABLE public.auth_user_groups OWNER TO postgres;

--
-- TOC entry 227 (class 1259 OID 24621)
-- Name: auth_user_groups_id_seq; Type: SEQUENCE; Schema: public; Owner: postgres
--

ALTER TABLE public.auth_user_groups ALTER COLUMN id ADD GENERATED BY DEFAULT AS IDENTITY (
    SEQUENCE NAME public.auth_user_groups_id_seq
    START WITH 1
    INCREMENT BY 1
    NO MINVALUE
    NO MAXVALUE
    CACHE 1
);


--
-- TOC entry 225 (class 1259 OID 24613)
-- Name: auth_user_id_seq; Type: SEQUENCE; Schema: public; Owner: postgres
--

ALTER TABLE public.auth_user ALTER COLUMN id ADD GENERATED BY DEFAULT AS IDENTITY (
    SEQUENCE NAME public.auth_user_id_seq
    START WITH 1
    INCREMENT BY 1
    NO MINVALUE
    NO MAXVALUE
    CACHE 1
);


--
-- TOC entry 230 (class 1259 OID 24628)
-- Name: auth_user_user_permissions; Type: TABLE; Schema: public; Owner: postgres
--

CREATE TABLE public.auth_user_user_permissions (
    id integer NOT NULL,
    user_id integer NOT NULL,
    permission_id integer NOT NULL
);


ALTER TABLE public.auth_user_user_permissions OWNER TO postgres;

--
-- TOC entry 229 (class 1259 OID 24627)
-- Name: auth_user_user_permissions_id_seq; Type: SEQUENCE; Schema: public; Owner: postgres
--

ALTER TABLE public.auth_user_user_permissions ALTER COLUMN id ADD GENERATED BY DEFAULT AS IDENTITY (
    SEQUENCE NAME public.auth_user_user_permissions_id_seq
    START WITH 1
    INCREMENT BY 1
    NO MINVALUE
    NO MAXVALUE
    CACHE 1
);


--
-- TOC entry 232 (class 1259 OID 24686)
-- Name: django_admin_log; Type: TABLE; Schema: public; Owner: postgres
--

CREATE TABLE public.django_admin_log (
    id integer NOT NULL,
    action_time timestamp with time zone NOT NULL,
    object_id text,
    object_repr character varying(200) NOT NULL,
    action_flag smallint NOT NULL,
    change_message text NOT NULL,
    content_type_id integer,
    user_id integer NOT NULL,
    CONSTRAINT django_admin_log_action_flag_check CHECK ((action_flag >= 0))
);


ALTER TABLE public.django_admin_log OWNER TO postgres;

--
-- TOC entry 231 (class 1259 OID 24685)
-- Name: django_admin_log_id_seq; Type: SEQUENCE; Schema: public; Owner: postgres
--

ALTER TABLE public.django_admin_log ALTER COLUMN id ADD GENERATED BY DEFAULT AS IDENTITY (
    SEQUENCE NAME public.django_admin_log_id_seq
    START WITH 1
    INCREMENT BY 1
    NO MINVALUE
    NO MAXVALUE
    CACHE 1
);


--
-- TOC entry 218 (class 1259 OID 24586)
-- Name: django_content_type; Type: TABLE; Schema: public; Owner: postgres
--

CREATE TABLE public.django_content_type (
    id integer NOT NULL,
    app_label character varying(100) NOT NULL,
    model character varying(100) NOT NULL
);


ALTER TABLE public.django_content_type OWNER TO postgres;

--
-- TOC entry 217 (class 1259 OID 24585)
-- Name: django_content_type_id_seq; Type: SEQUENCE; Schema: public; Owner: postgres
--

ALTER TABLE public.django_content_type ALTER COLUMN id ADD GENERATED BY DEFAULT AS IDENTITY (
    SEQUENCE NAME public.django_content_type_id_seq
    START WITH 1
    INCREMENT BY 1
    NO MINVALUE
    NO MAXVALUE
    CACHE 1
);


--
-- TOC entry 216 (class 1259 OID 24578)
-- Name: django_migrations; Type: TABLE; Schema: public; Owner: postgres
--

CREATE TABLE public.django_migrations (
    id integer NOT NULL,
    app character varying(255) NOT NULL,
    name character varying(255) NOT NULL,
    applied timestamp with time zone NOT NULL
);


ALTER TABLE public.django_migrations OWNER TO postgres;

--
-- TOC entry 215 (class 1259 OID 24577)
-- Name: django_migrations_id_seq; Type: SEQUENCE; Schema: public; Owner: postgres
--

ALTER TABLE public.django_migrations ALTER COLUMN id ADD GENERATED BY DEFAULT AS IDENTITY (
    SEQUENCE NAME public.django_migrations_id_seq
    START WITH 1
    INCREMENT BY 1
    NO MINVALUE
    NO MAXVALUE
    CACHE 1
);


--
-- TOC entry 241 (class 1259 OID 24890)
-- Name: django_session; Type: TABLE; Schema: public; Owner: postgres
--

CREATE TABLE public.django_session (
    session_key character varying(40) NOT NULL,
    session_data text NOT NULL,
    expire_date timestamp with time zone NOT NULL
);


ALTER TABLE public.django_session OWNER TO postgres;

--
-- TOC entry 4987 (class 0 OID 24707)
-- Dependencies: 234
-- Data for Name: appEmpresaDjango_departamento; Type: TABLE DATA; Schema: public; Owner: postgres
--

COPY public."appEmpresaDjango_departamento" (id, nombre, telefono) FROM stdin;
1	Dep1	944139000
2	Dep2	944139000
\.


--
-- TOC entry 4991 (class 0 OID 24719)
-- Dependencies: 238
-- Data for Name: appEmpresaDjango_empleado; Type: TABLE DATA; Schema: public; Owner: postgres
--

COPY public."appEmpresaDjango_empleado" (id, nombre, fecha_nacimiento, antiguedad, departamento_id, foto) FROM stdin;
1	Emp11	2020-10-04	0	1	img/andrew-avatar.png
2	Emp12	2020-10-04	1	1	img/ericf-avatar.png
3	Emp21	2020-10-18	0	2	img/reid-avatar.png
4	Emp22	2020-10-12	0	2	img/tilo-avatar.png
5	Emp112	2020-10-04	0	1	
\.


--
-- TOC entry 4993 (class 0 OID 24725)
-- Dependencies: 240
-- Data for Name: appEmpresaDjango_empleado_habilidades; Type: TABLE DATA; Schema: public; Owner: postgres
--

COPY public."appEmpresaDjango_empleado_habilidades" (id, empleado_id, habilidad_id) FROM stdin;
1	1	1
2	2	2
3	3	1
4	4	2
5	5	1
6	5	2
\.


--
-- TOC entry 4989 (class 0 OID 24713)
-- Dependencies: 236
-- Data for Name: appEmpresaDjango_habilidad; Type: TABLE DATA; Schema: public; Owner: postgres
--

COPY public."appEmpresaDjango_habilidad" (id, nombre) FROM stdin;
1	Hab1
2	Hab2
\.


--
-- TOC entry 4975 (class 0 OID 24600)
-- Dependencies: 222
-- Data for Name: auth_group; Type: TABLE DATA; Schema: public; Owner: postgres
--

COPY public.auth_group (id, name) FROM stdin;
\.


--
-- TOC entry 4977 (class 0 OID 24608)
-- Dependencies: 224
-- Data for Name: auth_group_permissions; Type: TABLE DATA; Schema: public; Owner: postgres
--

COPY public.auth_group_permissions (id, group_id, permission_id) FROM stdin;
\.


--
-- TOC entry 4973 (class 0 OID 24594)
-- Dependencies: 220
-- Data for Name: auth_permission; Type: TABLE DATA; Schema: public; Owner: postgres
--

COPY public.auth_permission (id, name, content_type_id, codename) FROM stdin;
1	Can add departamento	1	add_departamento
2	Can change departamento	1	change_departamento
3	Can delete departamento	1	delete_departamento
4	Can view departamento	1	view_departamento
5	Can add habilidad	2	add_habilidad
6	Can change habilidad	2	change_habilidad
7	Can delete habilidad	2	delete_habilidad
8	Can view habilidad	2	view_habilidad
9	Can add empleado	3	add_empleado
10	Can change empleado	3	change_empleado
11	Can delete empleado	3	delete_empleado
12	Can view empleado	3	view_empleado
13	Can add log entry	4	add_logentry
14	Can change log entry	4	change_logentry
15	Can delete log entry	4	delete_logentry
16	Can view log entry	4	view_logentry
17	Can add permission	5	add_permission
18	Can change permission	5	change_permission
19	Can delete permission	5	delete_permission
20	Can view permission	5	view_permission
21	Can add group	6	add_group
22	Can change group	6	change_group
23	Can delete group	6	delete_group
24	Can view group	6	view_group
25	Can add user	7	add_user
26	Can change user	7	change_user
27	Can delete user	7	delete_user
28	Can view user	7	view_user
29	Can add content type	8	add_contenttype
30	Can change content type	8	change_contenttype
31	Can delete content type	8	delete_contenttype
32	Can view content type	8	view_contenttype
33	Can add session	9	add_session
34	Can change session	9	change_session
35	Can delete session	9	delete_session
36	Can view session	9	view_session
\.


--
-- TOC entry 4979 (class 0 OID 24614)
-- Dependencies: 226
-- Data for Name: auth_user; Type: TABLE DATA; Schema: public; Owner: postgres
--

COPY public.auth_user (id, password, last_login, is_superuser, username, first_name, last_name, email, is_staff, is_active, date_joined) FROM stdin;
1	pbkdf2_sha256$260000$sMDzFlwkRcUe82xjROSxWs$DcG6AnMoxW7wwuhcgUuYLK+8FGgnbEaaud2wydOut4c=	2023-11-07 12:06:43.813+01	t	adminDjango				t	t	2020-10-08 14:35:13.703+02
\.


--
-- TOC entry 4981 (class 0 OID 24622)
-- Dependencies: 228
-- Data for Name: auth_user_groups; Type: TABLE DATA; Schema: public; Owner: postgres
--

COPY public.auth_user_groups (id, user_id, group_id) FROM stdin;
\.


--
-- TOC entry 4983 (class 0 OID 24628)
-- Dependencies: 230
-- Data for Name: auth_user_user_permissions; Type: TABLE DATA; Schema: public; Owner: postgres
--

COPY public.auth_user_user_permissions (id, user_id, permission_id) FROM stdin;
\.


--
-- TOC entry 4985 (class 0 OID 24686)
-- Dependencies: 232
-- Data for Name: django_admin_log; Type: TABLE DATA; Schema: public; Owner: postgres
--

COPY public.django_admin_log (id, action_time, object_id, object_repr, action_flag, change_message, content_type_id, user_id) FROM stdin;
1	2020-10-08 14:40:59.575+02	1	Dep1	1	[{"added": {}}]	1	1
2	2020-10-08 14:41:10.277+02	1	Hab1	1	[{"added": {}}]	2	1
3	2020-10-08 14:41:52.32+02	1	Emp11	1	[{"added": {}}]	3	1
4	2020-10-15 14:02:45.747+02	2	Dep2	1	[{"added": {}}]	1	1
5	2020-10-15 14:03:01.914+02	2	Hab2	1	[{"added": {}}]	2	1
6	2020-10-15 14:04:16.115+02	2	Emp12	1	[{"added": {}}]	3	1
7	2020-10-15 14:04:44.666+02	3	Emp21	1	[{"added": {}}]	3	1
8	2020-10-15 14:06:42.508+02	4	Emp22	1	[{"added": {}}]	3	1
9	2020-10-15 14:07:34.774+02	5	Emp112	1	[{"added": {}}]	3	1
10	2023-11-07 11:48:18.332+01	1	Emp11	2	[{"changed": {"fields": ["Image"]}}]	3	1
11	2023-11-07 11:49:20.707+01	1	Emp11	2	[{"changed": {"fields": ["Image"]}}]	3	1
12	2023-11-07 11:49:35.121+01	1	Emp11	2	[{"changed": {"fields": ["Image"]}}]	3	1
13	2023-11-07 11:49:46.302+01	2	Emp12	2	[{"changed": {"fields": ["Image"]}}]	3	1
14	2023-11-07 11:49:53.522+01	3	Emp21	2	[{"changed": {"fields": ["Image"]}}]	3	1
15	2023-11-07 11:50:02.031+01	4	Emp22	2	[{"changed": {"fields": ["Image"]}}]	3	1
16	2023-11-07 11:58:49.377+01	1	Emp11	2	[{"changed": {"fields": ["Image"]}}]	3	1
17	2023-11-07 11:58:53.193+01	2	Emp12	2	[{"changed": {"fields": ["Image"]}}]	3	1
18	2023-11-07 11:58:59.226+01	3	Emp21	2	[{"changed": {"fields": ["Image"]}}]	3	1
19	2023-11-07 11:59:04.124+01	4	Emp22	2	[{"changed": {"fields": ["Image"]}}]	3	1
20	2023-11-07 11:59:13.808+01	1	Emp11	2	[{"changed": {"fields": ["Image"]}}]	3	1
21	2023-11-07 11:59:18.803+01	2	Emp12	2	[{"changed": {"fields": ["Image"]}}]	3	1
22	2023-11-07 11:59:25.293+01	3	Emp21	2	[{"changed": {"fields": ["Image"]}}]	3	1
23	2023-11-07 11:59:32.101+01	4	Emp22	2	[{"changed": {"fields": ["Image"]}}]	3	1
\.


--
-- TOC entry 4971 (class 0 OID 24586)
-- Dependencies: 218
-- Data for Name: django_content_type; Type: TABLE DATA; Schema: public; Owner: postgres
--

COPY public.django_content_type (id, app_label, model) FROM stdin;
1	appEmpresaDjango	departamento
2	appEmpresaDjango	habilidad
3	appEmpresaDjango	empleado
4	admin	logentry
5	auth	permission
6	auth	group
7	auth	user
8	contenttypes	contenttype
9	sessions	session
\.


--
-- TOC entry 4969 (class 0 OID 24578)
-- Dependencies: 216
-- Data for Name: django_migrations; Type: TABLE DATA; Schema: public; Owner: postgres
--

COPY public.django_migrations (id, app, name, applied) FROM stdin;
1	contenttypes	0001_initial	2024-11-12 20:44:23.368994+01
2	auth	0001_initial	2024-11-12 20:44:23.462036+01
3	admin	0001_initial	2024-11-12 20:44:23.482685+01
4	admin	0002_logentry_remove_auto_add	2024-11-12 20:44:23.490385+01
5	admin	0003_logentry_add_action_flag_choices	2024-11-12 20:44:23.49789+01
6	appEmpresaDjango	0001_initial	2024-11-12 20:44:23.538087+01
7	appEmpresaDjango	0002_empleado_foto	2024-11-12 20:44:23.542088+01
8	appEmpresaDjango	0003_auto_20231025_1612	2024-11-12 20:44:23.622639+01
9	appEmpresaDjango	0004_auto_20231107_1146	2024-11-12 20:44:23.711588+01
10	appEmpresaDjango	0005_alter_empleado_foto	2024-11-12 20:44:23.726141+01
11	contenttypes	0002_remove_content_type_name	2024-11-12 20:44:23.735192+01
12	auth	0002_alter_permission_name_max_length	2024-11-12 20:44:23.739193+01
13	auth	0003_alter_user_email_max_length	2024-11-12 20:44:23.747186+01
14	auth	0004_alter_user_username_opts	2024-11-12 20:44:23.752653+01
15	auth	0005_alter_user_last_login_null	2024-11-12 20:44:23.759656+01
16	auth	0006_require_contenttypes_0002	2024-11-12 20:44:23.761393+01
17	auth	0007_alter_validators_add_error_messages	2024-11-12 20:44:23.76794+01
18	auth	0008_alter_user_username_max_length	2024-11-12 20:44:23.775874+01
19	auth	0009_alter_user_last_name_max_length	2024-11-12 20:44:23.783915+01
20	auth	0010_alter_group_name_max_length	2024-11-12 20:44:23.79089+01
21	auth	0011_update_proxy_permissions	2024-11-12 20:44:23.795539+01
22	auth	0012_alter_user_first_name_max_length	2024-11-12 20:44:23.807776+01
23	sessions	0001_initial	2024-11-12 20:44:23.823988+01
\.


--
-- TOC entry 4994 (class 0 OID 24890)
-- Dependencies: 241
-- Data for Name: django_session; Type: TABLE DATA; Schema: public; Owner: postgres
--

COPY public.django_session (session_key, session_data, expire_date) FROM stdin;
95izbvbcc2ebgqpbd5wxu1uenkclqaxb	.eJxVjEsOwjAMBe-SNYrqOqaEJfueobLjmBZQIvWzQtwdVeoCtm9m3tsNvK3jsC15HiZ1Vwfu9LsJp2cuO9AHl3v1qZZ1nsTvij_o4vuq-XU73L-DkZdxrxHBNF464jNwaC000kmKlEAzYyYkQ1SJFlQMKBqYEQO2kbEhdZ8v8ig4XA:1kQV9S:-1k7Monuo0Zeklwo7H_6we68LtpnAhol3B1L5_XlZ-A	2020-10-22 14:36:06.221+02
dno3ikgc6vqixo9k7171hlekya44hfgu	.eJxVjEsOwjAMBe-SNYrqOqaEJfueobLjmBZQIvWzQtwdVeoCtm9m3tsNvK3jsC15HiZ1Vwfu9LsJp2cuO9AHl3v1qZZ1nsTvij_o4vuq-XU73L-DkZdxrxHBNF464jNwaC000kmKlEAzYyYkQ1SJFlQMKBqYEQO2kbEhdZ8v8ig4XA:1kmx3K:uZ3QI1C_S68rlnQycQAwme6X2_oxsvUpXkm7WpgUB_U	2020-12-23 11:50:34.412+01
fxeitwibf0js6c9sfp9bcrczzeaj0znd	.eJxVjDsOwjAQBe_iGln-fyjpOYO19npxADlSnFSIu0OkFNC-mXkvlmBbW9pGXdKE7MwkO_1uGcqj9h3gHfpt5mXu6zJlviv8oINfZ6zPy-H-HTQY7VtTKEVpINDWKmmrlg5QRfKhaBvIG22iiwQuYhSyZuGEdtGTNGhqNoG9P9q1N1o:1r0Jn7:8ieYEdv5ZuTdKUnoH_fs5e5ySgrMoYvpN_Qk2PWIsmM	2023-11-21 11:58:41.527+01
knp6ht1rlfa2iyt4d1aovfyx7f0rkgaj	.eJxVjDsOwjAQBe_iGln-fyjpOYO19npxADlSnFSIu0OkFNC-mXkvlmBbW9pGXdKE7MwkO_1uGcqj9h3gHfpt5mXu6zJlviv8oINfZ6zPy-H-HTQY7VtTKEVpINDWKmmrlg5QRfKhaBvIG22iiwQuYhSyZuGEdtGTNGhqNoG9P9q1N1o:1r0Jc3:Qzc3eX9R0evZyzN8AynRnsnlJB_uKKxlxH6TwfwlOYE	2023-11-21 11:47:15.007+01
q9igh7czqiq0kewosljn8krkjd2ynxvk	.eJxVjDsOwjAQBe_iGln-fyjpOYO19npxADlSnFSIu0OkFNC-mXkvlmBbW9pGXdKE7MwkO_1uGcqj9h3gHfpt5mXu6zJlviv8oINfZ6zPy-H-HTQY7VtTKEVpINDWKmmrlg5QRfKhaBvIG22iiwQuYhSyZuGEdtGTNGhqNoG9P9q1N1o:1r0Jut:njB3UgKJZePD0njBA4bwhS0F_-8qH3TYoyK_HEZaaik	2023-11-21 12:06:43.817+01
qwcgajkjobdocfg27yiko7xqhqqmcuy0	.eJxVjEsOwjAMBe-SNYrqOqaEJfueobLjmBZQIvWzQtwdVeoCtm9m3tsNvK3jsC15HiZ1Vwfu9LsJp2cuO9AHl3v1qZZ1nsTvij_o4vuq-XU73L-DkZdxrxHBNF464jNwaC000kmKlEAzYyYkQ1SJFlQMKBqYEQO2kbEhdZ8v8ig4XA:1kmxSy:U0Bl57XhrD2I2wcecImvfr2YGSrbxmumT2zf_eKUR-I	2020-12-23 12:17:04.89+01
\.


--
-- TOC entry 5000 (class 0 OID 0)
-- Dependencies: 233
-- Name: appEmpresaDjango_departamento_id_seq; Type: SEQUENCE SET; Schema: public; Owner: postgres
--

SELECT pg_catalog.setval('public."appEmpresaDjango_departamento_id_seq"', 2, true);


--
-- TOC entry 5001 (class 0 OID 0)
-- Dependencies: 239
-- Name: appEmpresaDjango_empleado_habilidades_id_seq; Type: SEQUENCE SET; Schema: public; Owner: postgres
--

SELECT pg_catalog.setval('public."appEmpresaDjango_empleado_habilidades_id_seq"', 6, true);


--
-- TOC entry 5002 (class 0 OID 0)
-- Dependencies: 237
-- Name: appEmpresaDjango_empleado_id_seq; Type: SEQUENCE SET; Schema: public; Owner: postgres
--

SELECT pg_catalog.setval('public."appEmpresaDjango_empleado_id_seq"', 5, true);


--
-- TOC entry 5003 (class 0 OID 0)
-- Dependencies: 235
-- Name: appEmpresaDjango_habilidad_id_seq; Type: SEQUENCE SET; Schema: public; Owner: postgres
--

SELECT pg_catalog.setval('public."appEmpresaDjango_habilidad_id_seq"', 2, true);


--
-- TOC entry 5004 (class 0 OID 0)
-- Dependencies: 221
-- Name: auth_group_id_seq; Type: SEQUENCE SET; Schema: public; Owner: postgres
--

SELECT pg_catalog.setval('public.auth_group_id_seq', 1, false);


--
-- TOC entry 5005 (class 0 OID 0)
-- Dependencies: 223
-- Name: auth_group_permissions_id_seq; Type: SEQUENCE SET; Schema: public; Owner: postgres
--

SELECT pg_catalog.setval('public.auth_group_permissions_id_seq', 1, false);


--
-- TOC entry 5006 (class 0 OID 0)
-- Dependencies: 219
-- Name: auth_permission_id_seq; Type: SEQUENCE SET; Schema: public; Owner: postgres
--

SELECT pg_catalog.setval('public.auth_permission_id_seq', 36, true);


--
-- TOC entry 5007 (class 0 OID 0)
-- Dependencies: 227
-- Name: auth_user_groups_id_seq; Type: SEQUENCE SET; Schema: public; Owner: postgres
--

SELECT pg_catalog.setval('public.auth_user_groups_id_seq', 1, false);


--
-- TOC entry 5008 (class 0 OID 0)
-- Dependencies: 225
-- Name: auth_user_id_seq; Type: SEQUENCE SET; Schema: public; Owner: postgres
--

SELECT pg_catalog.setval('public.auth_user_id_seq', 1, true);


--
-- TOC entry 5009 (class 0 OID 0)
-- Dependencies: 229
-- Name: auth_user_user_permissions_id_seq; Type: SEQUENCE SET; Schema: public; Owner: postgres
--

SELECT pg_catalog.setval('public.auth_user_user_permissions_id_seq', 1, false);


--
-- TOC entry 5010 (class 0 OID 0)
-- Dependencies: 231
-- Name: django_admin_log_id_seq; Type: SEQUENCE SET; Schema: public; Owner: postgres
--

SELECT pg_catalog.setval('public.django_admin_log_id_seq', 23, true);


--
-- TOC entry 5011 (class 0 OID 0)
-- Dependencies: 217
-- Name: django_content_type_id_seq; Type: SEQUENCE SET; Schema: public; Owner: postgres
--

SELECT pg_catalog.setval('public.django_content_type_id_seq', 9, true);


--
-- TOC entry 5012 (class 0 OID 0)
-- Dependencies: 215
-- Name: django_migrations_id_seq; Type: SEQUENCE SET; Schema: public; Owner: postgres
--

SELECT pg_catalog.setval('public.django_migrations_id_seq', 23, true);


--
-- TOC entry 4797 (class 2606 OID 24818)
-- Name: appEmpresaDjango_departamento appEmpresaDjango_departamento_pkey; Type: CONSTRAINT; Schema: public; Owner: postgres
--

ALTER TABLE ONLY public."appEmpresaDjango_departamento"
    ADD CONSTRAINT "appEmpresaDjango_departamento_pkey" PRIMARY KEY (id);


--
-- TOC entry 4804 (class 2606 OID 24868)
-- Name: appEmpresaDjango_empleado_habilidades appEmpresaDjango_emplead_empleado_id_habilidad_id_17ca0a6c_uniq; Type: CONSTRAINT; Schema: public; Owner: postgres
--

ALTER TABLE ONLY public."appEmpresaDjango_empleado_habilidades"
    ADD CONSTRAINT "appEmpresaDjango_emplead_empleado_id_habilidad_id_17ca0a6c_uniq" UNIQUE (empleado_id, habilidad_id);


--
-- TOC entry 4808 (class 2606 OID 24729)
-- Name: appEmpresaDjango_empleado_habilidades appEmpresaDjango_empleado_habilidades_pkey; Type: CONSTRAINT; Schema: public; Owner: postgres
--

ALTER TABLE ONLY public."appEmpresaDjango_empleado_habilidades"
    ADD CONSTRAINT "appEmpresaDjango_empleado_habilidades_pkey" PRIMARY KEY (id);


--
-- TOC entry 4802 (class 2606 OID 24837)
-- Name: appEmpresaDjango_empleado appEmpresaDjango_empleado_pkey; Type: CONSTRAINT; Schema: public; Owner: postgres
--

ALTER TABLE ONLY public."appEmpresaDjango_empleado"
    ADD CONSTRAINT "appEmpresaDjango_empleado_pkey" PRIMARY KEY (id);


--
-- TOC entry 4799 (class 2606 OID 24861)
-- Name: appEmpresaDjango_habilidad appEmpresaDjango_habilidad_pkey; Type: CONSTRAINT; Schema: public; Owner: postgres
--

ALTER TABLE ONLY public."appEmpresaDjango_habilidad"
    ADD CONSTRAINT "appEmpresaDjango_habilidad_pkey" PRIMARY KEY (id);


--
-- TOC entry 4766 (class 2606 OID 24888)
-- Name: auth_group auth_group_name_key; Type: CONSTRAINT; Schema: public; Owner: postgres
--

ALTER TABLE ONLY public.auth_group
    ADD CONSTRAINT auth_group_name_key UNIQUE (name);


--
-- TOC entry 4771 (class 2606 OID 24643)
-- Name: auth_group_permissions auth_group_permissions_group_id_permission_id_0cd325b0_uniq; Type: CONSTRAINT; Schema: public; Owner: postgres
--

ALTER TABLE ONLY public.auth_group_permissions
    ADD CONSTRAINT auth_group_permissions_group_id_permission_id_0cd325b0_uniq UNIQUE (group_id, permission_id);


--
-- TOC entry 4774 (class 2606 OID 24612)
-- Name: auth_group_permissions auth_group_permissions_pkey; Type: CONSTRAINT; Schema: public; Owner: postgres
--

ALTER TABLE ONLY public.auth_group_permissions
    ADD CONSTRAINT auth_group_permissions_pkey PRIMARY KEY (id);


--
-- TOC entry 4768 (class 2606 OID 24604)
-- Name: auth_group auth_group_pkey; Type: CONSTRAINT; Schema: public; Owner: postgres
--

ALTER TABLE ONLY public.auth_group
    ADD CONSTRAINT auth_group_pkey PRIMARY KEY (id);


--
-- TOC entry 4761 (class 2606 OID 24634)
-- Name: auth_permission auth_permission_content_type_id_codename_01ab375a_uniq; Type: CONSTRAINT; Schema: public; Owner: postgres
--

ALTER TABLE ONLY public.auth_permission
    ADD CONSTRAINT auth_permission_content_type_id_codename_01ab375a_uniq UNIQUE (content_type_id, codename);


--
-- TOC entry 4763 (class 2606 OID 24598)
-- Name: auth_permission auth_permission_pkey; Type: CONSTRAINT; Schema: public; Owner: postgres
--

ALTER TABLE ONLY public.auth_permission
    ADD CONSTRAINT auth_permission_pkey PRIMARY KEY (id);


--
-- TOC entry 4782 (class 2606 OID 24626)
-- Name: auth_user_groups auth_user_groups_pkey; Type: CONSTRAINT; Schema: public; Owner: postgres
--

ALTER TABLE ONLY public.auth_user_groups
    ADD CONSTRAINT auth_user_groups_pkey PRIMARY KEY (id);


--
-- TOC entry 4785 (class 2606 OID 24658)
-- Name: auth_user_groups auth_user_groups_user_id_group_id_94350c0c_uniq; Type: CONSTRAINT; Schema: public; Owner: postgres
--

ALTER TABLE ONLY public.auth_user_groups
    ADD CONSTRAINT auth_user_groups_user_id_group_id_94350c0c_uniq UNIQUE (user_id, group_id);


--
-- TOC entry 4776 (class 2606 OID 24618)
-- Name: auth_user auth_user_pkey; Type: CONSTRAINT; Schema: public; Owner: postgres
--

ALTER TABLE ONLY public.auth_user
    ADD CONSTRAINT auth_user_pkey PRIMARY KEY (id);


--
-- TOC entry 4788 (class 2606 OID 24632)
-- Name: auth_user_user_permissions auth_user_user_permissions_pkey; Type: CONSTRAINT; Schema: public; Owner: postgres
--

ALTER TABLE ONLY public.auth_user_user_permissions
    ADD CONSTRAINT auth_user_user_permissions_pkey PRIMARY KEY (id);


--
-- TOC entry 4791 (class 2606 OID 24672)
-- Name: auth_user_user_permissions auth_user_user_permissions_user_id_permission_id_14a6b632_uniq; Type: CONSTRAINT; Schema: public; Owner: postgres
--

ALTER TABLE ONLY public.auth_user_user_permissions
    ADD CONSTRAINT auth_user_user_permissions_user_id_permission_id_14a6b632_uniq UNIQUE (user_id, permission_id);


--
-- TOC entry 4779 (class 2606 OID 24883)
-- Name: auth_user auth_user_username_key; Type: CONSTRAINT; Schema: public; Owner: postgres
--

ALTER TABLE ONLY public.auth_user
    ADD CONSTRAINT auth_user_username_key UNIQUE (username);


--
-- TOC entry 4794 (class 2606 OID 24693)
-- Name: django_admin_log django_admin_log_pkey; Type: CONSTRAINT; Schema: public; Owner: postgres
--

ALTER TABLE ONLY public.django_admin_log
    ADD CONSTRAINT django_admin_log_pkey PRIMARY KEY (id);


--
-- TOC entry 4756 (class 2606 OID 24592)
-- Name: django_content_type django_content_type_app_label_model_76bd3d3b_uniq; Type: CONSTRAINT; Schema: public; Owner: postgres
--

ALTER TABLE ONLY public.django_content_type
    ADD CONSTRAINT django_content_type_app_label_model_76bd3d3b_uniq UNIQUE (app_label, model);


--
-- TOC entry 4758 (class 2606 OID 24590)
-- Name: django_content_type django_content_type_pkey; Type: CONSTRAINT; Schema: public; Owner: postgres
--

ALTER TABLE ONLY public.django_content_type
    ADD CONSTRAINT django_content_type_pkey PRIMARY KEY (id);


--
-- TOC entry 4754 (class 2606 OID 24584)
-- Name: django_migrations django_migrations_pkey; Type: CONSTRAINT; Schema: public; Owner: postgres
--

ALTER TABLE ONLY public.django_migrations
    ADD CONSTRAINT django_migrations_pkey PRIMARY KEY (id);


--
-- TOC entry 4811 (class 2606 OID 24896)
-- Name: django_session django_session_pkey; Type: CONSTRAINT; Schema: public; Owner: postgres
--

ALTER TABLE ONLY public.django_session
    ADD CONSTRAINT django_session_pkey PRIMARY KEY (session_key);


--
-- TOC entry 4800 (class 1259 OID 24824)
-- Name: appEmpresaDjango_empleado_departamento_id_522d6a1f; Type: INDEX; Schema: public; Owner: postgres
--

CREATE INDEX "appEmpresaDjango_empleado_departamento_id_522d6a1f" ON public."appEmpresaDjango_empleado" USING btree (departamento_id);


--
-- TOC entry 4805 (class 1259 OID 24846)
-- Name: appEmpresaDjango_empleado_habilidades_empleado_id_344e9511; Type: INDEX; Schema: public; Owner: postgres
--

CREATE INDEX "appEmpresaDjango_empleado_habilidades_empleado_id_344e9511" ON public."appEmpresaDjango_empleado_habilidades" USING btree (empleado_id);


--
-- TOC entry 4806 (class 1259 OID 24869)
-- Name: appEmpresaDjango_empleado_habilidades_habilidad_id_87389ac4; Type: INDEX; Schema: public; Owner: postgres
--

CREATE INDEX "appEmpresaDjango_empleado_habilidades_habilidad_id_87389ac4" ON public."appEmpresaDjango_empleado_habilidades" USING btree (habilidad_id);


--
-- TOC entry 4764 (class 1259 OID 24889)
-- Name: auth_group_name_a6ea08ec_like; Type: INDEX; Schema: public; Owner: postgres
--

CREATE INDEX auth_group_name_a6ea08ec_like ON public.auth_group USING btree (name varchar_pattern_ops);


--
-- TOC entry 4769 (class 1259 OID 24654)
-- Name: auth_group_permissions_group_id_b120cbf9; Type: INDEX; Schema: public; Owner: postgres
--

CREATE INDEX auth_group_permissions_group_id_b120cbf9 ON public.auth_group_permissions USING btree (group_id);


--
-- TOC entry 4772 (class 1259 OID 24655)
-- Name: auth_group_permissions_permission_id_84c5c92e; Type: INDEX; Schema: public; Owner: postgres
--

CREATE INDEX auth_group_permissions_permission_id_84c5c92e ON public.auth_group_permissions USING btree (permission_id);


--
-- TOC entry 4759 (class 1259 OID 24640)
-- Name: auth_permission_content_type_id_2f476e4b; Type: INDEX; Schema: public; Owner: postgres
--

CREATE INDEX auth_permission_content_type_id_2f476e4b ON public.auth_permission USING btree (content_type_id);


--
-- TOC entry 4780 (class 1259 OID 24670)
-- Name: auth_user_groups_group_id_97559544; Type: INDEX; Schema: public; Owner: postgres
--

CREATE INDEX auth_user_groups_group_id_97559544 ON public.auth_user_groups USING btree (group_id);


--
-- TOC entry 4783 (class 1259 OID 24669)
-- Name: auth_user_groups_user_id_6a12ed8b; Type: INDEX; Schema: public; Owner: postgres
--

CREATE INDEX auth_user_groups_user_id_6a12ed8b ON public.auth_user_groups USING btree (user_id);


--
-- TOC entry 4786 (class 1259 OID 24684)
-- Name: auth_user_user_permissions_permission_id_1fbb5f2c; Type: INDEX; Schema: public; Owner: postgres
--

CREATE INDEX auth_user_user_permissions_permission_id_1fbb5f2c ON public.auth_user_user_permissions USING btree (permission_id);


--
-- TOC entry 4789 (class 1259 OID 24683)
-- Name: auth_user_user_permissions_user_id_a95ead1b; Type: INDEX; Schema: public; Owner: postgres
--

CREATE INDEX auth_user_user_permissions_user_id_a95ead1b ON public.auth_user_user_permissions USING btree (user_id);


--
-- TOC entry 4777 (class 1259 OID 24884)
-- Name: auth_user_username_6821ab7c_like; Type: INDEX; Schema: public; Owner: postgres
--

CREATE INDEX auth_user_username_6821ab7c_like ON public.auth_user USING btree (username varchar_pattern_ops);


--
-- TOC entry 4792 (class 1259 OID 24704)
-- Name: django_admin_log_content_type_id_c4bce8eb; Type: INDEX; Schema: public; Owner: postgres
--

CREATE INDEX django_admin_log_content_type_id_c4bce8eb ON public.django_admin_log USING btree (content_type_id);


--
-- TOC entry 4795 (class 1259 OID 24705)
-- Name: django_admin_log_user_id_c564eba6; Type: INDEX; Schema: public; Owner: postgres
--

CREATE INDEX django_admin_log_user_id_c564eba6 ON public.django_admin_log USING btree (user_id);


--
-- TOC entry 4809 (class 1259 OID 24898)
-- Name: django_session_expire_date_a5c62663; Type: INDEX; Schema: public; Owner: postgres
--

CREATE INDEX django_session_expire_date_a5c62663 ON public.django_session USING btree (expire_date);


--
-- TOC entry 4812 (class 1259 OID 24897)
-- Name: django_session_session_key_c0390e0f_like; Type: INDEX; Schema: public; Owner: postgres
--

CREATE INDEX django_session_session_key_c0390e0f_like ON public.django_session USING btree (session_key varchar_pattern_ops);


--
-- TOC entry 4822 (class 2606 OID 24830)
-- Name: appEmpresaDjango_empleado appEmpresaDjango_empleado_departamento_id_522d6a1f_fk; Type: FK CONSTRAINT; Schema: public; Owner: postgres
--

ALTER TABLE ONLY public."appEmpresaDjango_empleado"
    ADD CONSTRAINT "appEmpresaDjango_empleado_departamento_id_522d6a1f_fk" FOREIGN KEY (departamento_id) REFERENCES public."appEmpresaDjango_departamento"(id) DEFERRABLE INITIALLY DEFERRED;


--
-- TOC entry 4823 (class 2606 OID 24854)
-- Name: appEmpresaDjango_empleado_habilidades appEmpresaDjango_empleado_habilidades_empleado_id_344e9511_fk; Type: FK CONSTRAINT; Schema: public; Owner: postgres
--

ALTER TABLE ONLY public."appEmpresaDjango_empleado_habilidades"
    ADD CONSTRAINT "appEmpresaDjango_empleado_habilidades_empleado_id_344e9511_fk" FOREIGN KEY (empleado_id) REFERENCES public."appEmpresaDjango_empleado"(id) DEFERRABLE INITIALLY DEFERRED;


--
-- TOC entry 4824 (class 2606 OID 24877)
-- Name: appEmpresaDjango_empleado_habilidades appEmpresaDjango_empleado_habilidades_habilidad_id_87389ac4_fk; Type: FK CONSTRAINT; Schema: public; Owner: postgres
--

ALTER TABLE ONLY public."appEmpresaDjango_empleado_habilidades"
    ADD CONSTRAINT "appEmpresaDjango_empleado_habilidades_habilidad_id_87389ac4_fk" FOREIGN KEY (habilidad_id) REFERENCES public."appEmpresaDjango_habilidad"(id) DEFERRABLE INITIALLY DEFERRED;


--
-- TOC entry 4814 (class 2606 OID 24649)
-- Name: auth_group_permissions auth_group_permissio_permission_id_84c5c92e_fk_auth_perm; Type: FK CONSTRAINT; Schema: public; Owner: postgres
--

ALTER TABLE ONLY public.auth_group_permissions
    ADD CONSTRAINT auth_group_permissio_permission_id_84c5c92e_fk_auth_perm FOREIGN KEY (permission_id) REFERENCES public.auth_permission(id) DEFERRABLE INITIALLY DEFERRED;


--
-- TOC entry 4815 (class 2606 OID 24644)
-- Name: auth_group_permissions auth_group_permissions_group_id_b120cbf9_fk_auth_group_id; Type: FK CONSTRAINT; Schema: public; Owner: postgres
--

ALTER TABLE ONLY public.auth_group_permissions
    ADD CONSTRAINT auth_group_permissions_group_id_b120cbf9_fk_auth_group_id FOREIGN KEY (group_id) REFERENCES public.auth_group(id) DEFERRABLE INITIALLY DEFERRED;


--
-- TOC entry 4813 (class 2606 OID 24635)
-- Name: auth_permission auth_permission_content_type_id_2f476e4b_fk_django_co; Type: FK CONSTRAINT; Schema: public; Owner: postgres
--

ALTER TABLE ONLY public.auth_permission
    ADD CONSTRAINT auth_permission_content_type_id_2f476e4b_fk_django_co FOREIGN KEY (content_type_id) REFERENCES public.django_content_type(id) DEFERRABLE INITIALLY DEFERRED;


--
-- TOC entry 4816 (class 2606 OID 24664)
-- Name: auth_user_groups auth_user_groups_group_id_97559544_fk_auth_group_id; Type: FK CONSTRAINT; Schema: public; Owner: postgres
--

ALTER TABLE ONLY public.auth_user_groups
    ADD CONSTRAINT auth_user_groups_group_id_97559544_fk_auth_group_id FOREIGN KEY (group_id) REFERENCES public.auth_group(id) DEFERRABLE INITIALLY DEFERRED;


--
-- TOC entry 4817 (class 2606 OID 24659)
-- Name: auth_user_groups auth_user_groups_user_id_6a12ed8b_fk_auth_user_id; Type: FK CONSTRAINT; Schema: public; Owner: postgres
--

ALTER TABLE ONLY public.auth_user_groups
    ADD CONSTRAINT auth_user_groups_user_id_6a12ed8b_fk_auth_user_id FOREIGN KEY (user_id) REFERENCES public.auth_user(id) DEFERRABLE INITIALLY DEFERRED;


--
-- TOC entry 4818 (class 2606 OID 24678)
-- Name: auth_user_user_permissions auth_user_user_permi_permission_id_1fbb5f2c_fk_auth_perm; Type: FK CONSTRAINT; Schema: public; Owner: postgres
--

ALTER TABLE ONLY public.auth_user_user_permissions
    ADD CONSTRAINT auth_user_user_permi_permission_id_1fbb5f2c_fk_auth_perm FOREIGN KEY (permission_id) REFERENCES public.auth_permission(id) DEFERRABLE INITIALLY DEFERRED;


--
-- TOC entry 4819 (class 2606 OID 24673)
-- Name: auth_user_user_permissions auth_user_user_permissions_user_id_a95ead1b_fk_auth_user_id; Type: FK CONSTRAINT; Schema: public; Owner: postgres
--

ALTER TABLE ONLY public.auth_user_user_permissions
    ADD CONSTRAINT auth_user_user_permissions_user_id_a95ead1b_fk_auth_user_id FOREIGN KEY (user_id) REFERENCES public.auth_user(id) DEFERRABLE INITIALLY DEFERRED;


--
-- TOC entry 4820 (class 2606 OID 24694)
-- Name: django_admin_log django_admin_log_content_type_id_c4bce8eb_fk_django_co; Type: FK CONSTRAINT; Schema: public; Owner: postgres
--

ALTER TABLE ONLY public.django_admin_log
    ADD CONSTRAINT django_admin_log_content_type_id_c4bce8eb_fk_django_co FOREIGN KEY (content_type_id) REFERENCES public.django_content_type(id) DEFERRABLE INITIALLY DEFERRED;


--
-- TOC entry 4821 (class 2606 OID 24699)
-- Name: django_admin_log django_admin_log_user_id_c564eba6_fk_auth_user_id; Type: FK CONSTRAINT; Schema: public; Owner: postgres
--

ALTER TABLE ONLY public.django_admin_log
    ADD CONSTRAINT django_admin_log_user_id_c564eba6_fk_auth_user_id FOREIGN KEY (user_id) REFERENCES public.auth_user(id) DEFERRABLE INITIALLY DEFERRED;


-- Completed on 2024-11-12 20:48:13

--
-- PostgreSQL database dump complete
--

